{"cameraMode":{"drawMode":0,"name":"Shaded","section":"Shading Mode"},"sceneLighting":true,"audioPlay":false,"sceneViewState":{"showFog":false,"showMaterialUpdate":false,"showSkybox":false,"showFlares":false,"showImageEffects":false,"showParticleSystems":true},"in2DMode":false,"pivot":{"x":-0.15812133252620698,"y":0.019703581929206849,"z":0.15350335836410523},"rotation":{"x":-0.06774594634771347,"y":0.018553415313363076,"z":-0.001259904820472002,"w":-0.9975293278694153},"size":6.1578850746154789,"orthographic":false}