{"cameraMode":{"drawMode":0,"name":"Shaded","section":"Shading Mode"},"sceneLighting":true,"audioPlay":false,"sceneViewState":{"showFog":false,"showMaterialUpdate":false,"showSkybox":false,"showFlares":false,"showImageEffects":false,"showParticleSystems":true},"in2DMode":false,"pivot":{"x":2.9499998092651369,"y":-0.46000000834465029,"z":0.15349960327148438},"rotation":{"x":-0.17530801892280579,"y":-0.10845141857862473,"z":0.01943342760205269,"w":-0.9783291220664978},"size":5.5615668296813969,"orthographic":false}