{"cameraMode":{"drawMode":0,"name":"Shaded","section":"Shading Mode"},"sceneLighting":true,"audioPlay":false,"sceneViewState":{"showFog":false,"showMaterialUpdate":false,"showSkybox":false,"showFlares":false,"showImageEffects":false,"showParticleSystems":true},"in2DMode":false,"pivot":{"x":2.9499998092651369,"y":-0.46000000834465029,"z":0.15349960327148438},"rotation":{"x":-0.1295597106218338,"y":0.1868159919977188,"z":-0.02486288920044899,"w":-0.9734967947006226},"size":20.321443557739259,"orthographic":false}